14723	Sep 8, 2002	Fix the Fund Statement of Purpose.htm
7567	Sep 8, 2002	FixTheFund3.htm
1218	Sep 10, 2002	ack-old.html
8136	Sep 11, 2002	FixTheFund4.htm
26192	Nov 4, 2002	FixTheFund5.htm
591	Nov 4, 2002	ack.html
54	Dec 8, 2002	newyorkerlink.txt
192	Dec 8, 2002	Backup
31158	Dec 10, 2002	TheNewYorker.html
224	Dec 10, 2002	NYTimes11-13-02artilce_files
81932	Dec 10, 2002	FixTheFund6.htm
81932	Dec 10, 2002	Fix the Fund phase 3 - 12-08-02.htm
13740	Dec 10, 2002	NYTimes11-13-02artilce.htm
81760	Feb 21, 2003	FixTheFund7.htm
93717	Mar 7, 2003	Fix the Fund phase 4 - 03-07-03.htm
93717	Mar 7, 2003	FixTheFund8.htm
718	Sep 7, 2003	london.txt
1294	Sep 7, 2003	london.html
89210	Sep 16, 2003	FixTheFund9.htm
418445	Nov 25, 2003	Fund-App-Deceased-Victims-PART1.pdf
39642	Nov 25, 2003	FixTheFundA.htm
89256	Nov 25, 2003	20030307.html
40095	Dec 1, 2003	FixTheFundB.htm
41093	Dec 1, 2003	FixTheFundC.htm
11719	Dec 1, 2003	Submission-Letter-to-Feinberg.htm
40800	Dec 23, 2003	count-down.html
40800	Jul 6, 2006	20031223.html
40879	Jul 6, 2006	index.html
64	Oct 22, 2010	cgi-bin
594317	Oct 22, 2010	ftf-all.zip
96	Oct 23, 2010	css
352	Oct 23, 2010	TheNewYorker_files
